word1,word2,count
o,gud,95
imod,gud,83
store,gud,47
takke,gud,38
frygte,gud,35
herre,gud,32
jordens,guder,31
imod,guds,31
gode,gud,29
sande,gud,28
sande,guds,21
frygter,gud,21
elske,gud,21
tiene,gud,19
bede,gud,19
kiende,gud,18
retfærdige,gud,17
almægtige,gud,16
gudernes,gud,16
sand,gudsfrygt,16
imellem,gud,15
israels,gud,15
behage,gud,14
næst,gud,14
giver,gud,14
himlens,gud,13
frygt,gud,13
jacobs,gud,13
hvilke,gud,13
hvilken,gud,12
takkede,gud,11
høre,guds,11
eders,gud,11
hellige,gud,11
saligheds,gud,11
vores,gud,11
takker,gud,10
sige,gud,10
kaldes,guds,10
skylder,gud,10
alvidende,gud,10
prise,gud,10
folk,gud,10
naadig,gud,9
hvilket,gud,9
elsker,gud,9
jordisk,gud,9
erkiende,gud,9
ære,gud,9
sande,gudsfrygt,9
treenige,gud,9
sagde,gud,8
evige,gud,8
retfærdig,gud,8
næst,guds,8
hører,guds,8
beder,gud,8
hvorledes,gud,8
store,guds,8
2,guds,8
fredens,gud,8
fædres,gud,8
levende,guds,7
hr,gudman,7
dersom,gud,7
fortørne,gud,7
arve,guds,7
tage,guds,7
general,gude,7
tak,gud,7
naadige,gud,7
ney,gud,7
jacobs,guds,7
hellige,guds,7
hvorved,gud,7
ofrer,gud,7
ligne,gud,7
ofre,gud,7
nemlig,guds,6
lod,gud,6
nei,gud,6
lader,gud,6
offentlige,guds,6
skylde,gud,6
langmodige,gud,6
gav,gud,6
paakalde,gud,6
dyrke,gud,6
høre,gud,6
ævige,gud,6
levende,gud,6
tækkes,gud,6
sand,gud,5
frygtede,gud,5
betragte,guds,5
saadanne,guds,5
ak,gud,5
hvilken,guds,5
hvilke,guds,5
almægtige,guds,5
velsigne,gud,5
befordre,guds,5
fromme,gud,5
guders,gud,5
tid,gud,5
barmhjertige,gud,5
jakobs,gud,5
bærer,guds,5
naturlige,guds,5
hvortil,gud,5
tilbede,gud,5
kiende,guds,5
folk,guds,5
jordens,gud,5
iblant,guds,5
velstand,gud,4
nyde,guds,4
redde,guds,4
efterdi,gud,4
seet,guds,4
opfylde,guds,4
blant,guderne,4
hvem,gud,4
frelses,gud,4
hørte,guds,4
skabte,gud,4
uforfalsket,gudsfrygt,4
forlade,guds,4
naade,gud,4
1,guds,4
priser,gud,4
dets,guddommelighed,4
bespotte,gud,4
formedelst,guds,4
mishage,gud,4
prisede,gud,4
sand,guds,4
foragte,guds,4
fortørnet,gud,4
besynderlige,guds,4
grundgode,gud,4
betragter,guds,4
mon,gud,4
foragte,gud,4
elskovs,gud,4
viise,gud,4
opnaae,guds,4
skriftens,guddommelighed,4
fader,gud,4
2,gud,4
5,gud,4
adlyde,gud,4
aabenbarede,guds,4
lover,gud,4
fremmede,guder,4
6,gud,4
ret,gudelig,4
saae,guds,4
4,gud,4
vild,gud,4
hensigt,gud,4
faders,gud,4
hierte,gud,4
hevn,guds,4
forbyde,gud,4
jorden,guds,3
udvortes,guds,3
magt,gud,3
udvortes,gudstjeneste,3
godheds,gud,3
retfærdigste,gud,3
hvorved,guds,3
tiener,gud,3
vær,gud,3
naadens,gud,3
hielp,gud,3
dens,guddommelighed,3
9,gud,3
kiender,gud,3
vise,guds,3
leve,gud,3
vore,guds,3
7,guds,3
hvormed,gud,3
pryde,guds,3
ti,guds,3
7,gud,3
vore,gudslærere,3
just,guds,3
jordiske,guder,3
giort,gud,3
stor,guds,3
offentlig,guds-tieneste,3
o,guds,3
giv,gud,3
seer,gud,3
tvertimod,guds,3
siæl,gud,3
forbarmende,gud,3
blant,guds,3
16,gud,3
rette,gud,3
15,gud,3
trofaste,gud,3
hensigt,guds,3
imellem,guds,3
imellem,gudfrygtige,3
troe,gud,3
rette,guds,3
god,gud,3
nærværende,gud,3
foragtede,guds,3
igiennem,guds,3
længe,guds,3
20,gud,3
live,gud,3
bevæge,gud,3
christum,gud,3
pagtes,gud,3
taler,guds,3
fattes,guds,3
føle,guds,3
stamme,gud,3
gode,guds,3
ære,guds,3
udbrede,guds,3
tillader,gud,3
ærer,gud,3
staaer,guds,3
hører,gud,3
tillod,gud,3
sandt,gud,3
æret,gud,3
sandt,guds,3
9,gudinder,3
brud,gud,3
oprigtighed,gudsfrygts,3
opofre,gud,3
anraabe,gud,3
tabt,guds,3
erfare,guds,3
vingede,gud,3
landet,gud,3
almægtig,gud,3
langmodighedens,gud,3
misbruge,guds,3
viis,gud,3
forfremme,guds,3
vente,guds,3
forunderlige,gud,3
ach,gud,3
saliggiørende,guds,3
alseende,guds,3
mere,guds,3
konge,gud,3
villie,gud,3
gud,gud,3
vare,guds,3
landets,gud,3
drager,guds,3
aabenbare,guds,3
lad,gud,3
søger,gud,3
verdens,gud,3
tale,gud,3
hverken,gud,3
b,gud,3
a,gud,3
hvorefter,gud,3
kiendte,gud,3
hvordan,guds,3
virker,guds,3
frembragte,gud,3
sagde,gudinden,3
nægte,gud,3
overgiver,gud,2
christi,guddom,2
smage,guds,2
opnaaes,gud,2
hvi,gud,2
hverken,guds,2
efterat,guds,2
børn,guds,2
tillægges,gud,2
c,guds,2
hvem,guds,2
overlader,gud,2
o,guddommelige,2
høye,gud,2
efterdi,guds,2
dets,guddommelige,2
sæd,guds,2
bære,guds,2
bryllups,guden,2
ophøyer,gud,2
ting,gud,2
time,gud,2
foragter,gud,2
sværd,guds,2
iblandt,guds,2
folket,guds,2
henlegges,gud,2
tilstand,guds,2
ophøiede,gud,2
egne,guder,2
nævne,gud,2
svarede,gud,2
synger,guds,2
synlig,gud,2
paakalder,gud,2
haabets,gud,2
priise,gud,2
elsket,gud,2
fornemme,guds,2
haand,gud,2
bønhøres,gud,2
bønnen,gud,2
overgive,gud,2
tilfredsstille,gud,2
handle,gud,2
dom,gud,2
ordens,gud,2
skyld,gud,2
ofte,gud,2
dens,guddommelige,2
forladelsernes,gud,2
forekom,gud,2
tid,guds,2
hvo,gud,2
drage,guds,2
hvoraf,gud,2
elske,guds,2
erfaret,guds,2
erindre,guds,2
eders,gudelige,2
testamentes,guddommelige,2
hielper,gud,2
hvorledes,guds,2
tanker,gud,2
etc,gud,2
orden,gud,2
opvække,guds,2
forkynde,guds,2
tale,guds,2
straf,gud,2
erkiendte,guds,2
hvori,gud,2
deiligheds,gudinder,2
hevnens,gud,2
faaer,gud,2
hvilket,guddommeligt,2
havets,gud,2
christi,guds,2
søn,gud,2
hellig,gud,2
tilkommer,gud,2
eneste,gud,2
qvæle,guds,2
ondskab,gud,2
hvilken,guddommelig,2
hvorfra,gud,2
slægter,gud,2
ond,gud,2
prøver,gud,2
hele,gudsdyrkelse,2
herskarernes,gud,2
prise,guds,2
høieste,gud,2
fald,gud,2
forlod,gud,2
forestille,guds,2
prædiker,guds,2
dyrker,gud,2
dyrekiøbte,guds,2
forderver,guds,2
hedenske,guder,2
pligt,gud,2
besynderlig,guds,2
usynlige,guds,2
fred,guds,2
kongen,gud,2
forære,gud,2
mindre,gud,2
velsigne,guds,2
glæde,guds,2
milde,gud,2
følge,guds,2
fred,gud,2
velsignelser,gud,2
velsigner,gud,2
regiering,gud,2
ven,gud,2
liv,guds,2
alvise,guds,2
alvise,gud,2
alviise,gud,2
alvidende,guds,2
gav,guds,2
altid,guds,2
salige,guds,2
velgierninger,gud,2
velgierning,gud,2
annammer,guds,2
3,gud,2
fortørnede,guder,2
generalmajors,gude,2
vorde,guds,2
monne,gud,2
kirken,gud,2
v,gud,2
kirkens,gud,2
vanhellige,guds,2
generalmajor,gude,2
antog,gud,2
28,guds,2
antage,guds,2
ægte,gudsfrygt,2
mishager,gud,2
varetægt,gud,2
kom,gud,2
general-major,gude,2
veie,gud,2
anraabe,guds,2
yde,gud,2
almagtens,gud,2
kraftige,guds,2
lande,gud,2
afmale,guds,2
aflive,guds,2
meer,gudelig,2
adlyder,guds,2
adlyde,guds,2
absolute,guds,2
vindenes,gud,2
aand,guds,2
aand,gud,2
laste,gud,2
aabenbar,guds,2
første,guds,2
saae,gud,2
a,guds,2
vores,guds,2
visdommens,gud,2
medlidende,guder,2
saalænge,gud,2
først,guds,2
følte,guds,2
saavel,guds,2
allestedsnærværende,gud,2
land,guds,2
verden,gud,2
mageløse,gud,2
ligner,gud,2
3de,guddommens,2
rene,guds,2
vers,guds,2
43,gud,2
kræver,gud,2
mellem,gud,2
allerhøieste,guddommelige,2
vidnesbyrd,guds,2
alleneste,gud,2
43,guds,2
vidt,guds,2
sag,gud,2
saadanne,gudelige,2
meere,gud,2
land,gud,2
majestætiske,gud,2
avinds,guden,2
visse,gudelige,2
jesu,guddom,2
forsonet,gud,2
betragtet,guds,2
indtil,guds,2
nest,gud,2
lyksaligheder,gud,2
besynderligt,guds,2
beste,gudslærere,2
nemlig,gud,2
israel,guds,2
bespottet,gud,2
tre-enige,guds,2
bad,gud,2
israels,guds,2
udførsel,gud,2
tre,guddommens,2
udgiorde,guds,2
giorde,gud,2
forstaaes,guds,2
udtolke,guddommens,2
indtil,gud,2
giver,guds,2
ubesmittede,guds,2
forsonede,gud,2
troer,guds,2
imod,guddommen,2
blevne,guds,2
seet,gud,2
imodtage,guds,2
tre-enig,gud,2
nyde,guddommelig,2
lutter,guds,2
redelige,guds,2
glemte,gud,2
nordiske,gudinder,2
12,guds,2
12,krigs-guden,2
beviis,guds,2
sandrue,gud,2
nidkiere,guds,2
øine,gud,2
forstand,gud,2
treenige,guds,2
gierninger,gud,2
forsvare,guds,2
kalder,gud,2
kalder,gudfrygtige,2
kalder,guds,2
befaler,gud,2
lære,guds,2
kaldet,guds,2
naade-pagt,gud,2
sande,gudfrygtigheds,2
kiender,guds,2
love,gud,2
barmhjertig,gud,2
barmhiertighedernes,gud,2
barmhiertige,gud,2
mægtige,gud,2
bringe,guds,2
23,gud,2
10,guds,2
øvrige,guds,2
uhykkelsk,gudsfrygt,2
retvise,gudfrygtige,2
uforfalskede,guds,2
bragte,gud,2
nytte,gud,2
jesus,guds,2
17,gud,2
bekiender,guds,2
ii,guds,2
udødelige,guder,2
behøve,guds,2
naaer,gud,2
behandle,guds,2
uendelig,guds,2
uendelige,guds,2
behager,gud,2
jordiske,gud,2
retfærdighedens,gud,1
overvættes,gudsfrygt,1
penge,gud,1
retfærdige,guds,1
retskafne,gudsfrygtige,1
paradis,gudsnavn,1
paadigte,gud,1
pagt,gud,1
retskafne,gudsdyrker,1
retskafne,gudslærere,1
pagt,guds,1
retskafne,gudstienere,1
retskafne,guds,1
retstaffene,gud,1
paaskiønnet,gud,1
rettigheder,gud,1
rette,gud-behagelige,1
pantegods,gud,1
retskafne,gud,1
passe,gud,1
retfærdigheds,gudinde,1
patriot,gud,1
ramme,gud,1
religionens,guddommelige,1
retfærdig,guds,1
person,gud,1
regierende,gudsdyrkeres,1
regent,gud,1
prisede,guderne,1
reent,guds,1
reenere,gudsfrygt,1
reen,gudsdyrkelse,1
priser,gudernes,1
reen,gudfrygtighed,1
pryder,guds,1
reedelige,guds,1
præsterne,guds,1
prøvelse,guds,1
redskaber,gud,1
redelighed,gudsfrygt,1
redelige,gudslærere,1
raabt,gud,1
redelig,gudslærer,1
red'lighed,gud,1
raabte,gudinden,1
rc,gud,1
randsage,guds,1
raad,gud,1
raadsloge,guderne,1
regne,gud,1
regnere,guds,1
regnskab,gud,1
pligter,gud,1
petron,guder,1
petron,guderne,1
philopatreias,gud,1
ret,gudinde,1
philosophien,gud,1
plage-fogder,gud,1
plante,guds,1
pleier,gud,1
ret,gud,1
res,gud,1
rene,guddommens,1
reiste,skiønheds-gudinden,1
pligter,guds,1
pligters,guddommelighed,1
ren,gud,1
priift,gud,1
religions,guddommelige,1
religionens,gudfrygtigheds,1
priisede,guds,1
prinds,gud,1
prinds,guds,1
religionen,gudsfrygt,1
1,gud,1
o,guddoms,1
overveyet,guds,1
misbrug,gud,1
mose,guds,1
morale,guds,1
monarken,gud,1
mon,guds,1
modtager,guds,1
modgang,gud,1
moder,gud,1
miskundheds,gud,1
miskundelige,gud,1
misbrugt,guds,1
mindste,gud,1
mund,gud,1
mindre,guds,1
mindre,guders,1
milde,guder,1
midler,gud,1
middel,guderne,1
mette,gud,1
met,gud,1
merkværdigt,gud,1
merkede,elskovs-gudens,1
mere,gudfrygtigere,1
muelige,guddommelige,1
munden,gud,1
mere,guddommelig,1
nations,gudsdyrkelse,1
ni,gudinder,1
ney,guds,1
nest,guds,1
neml,guds,1
negte,guds,1
nedsænkte,gud,1
navn,gud,1
naturlige,gudskundskab,1
naturen,guds,1
natur,guds,1
nationernes,gud,1
myndighed,gud,1
naadigste,guds,1
naadigste,gud,1
naaden,gud,1
naadefulde,gud,1
naade,guds,1
mørke,guds,1
mærmingen,gud,1
mægtigen,gud,1
mægtig,guddommelig,1
mægtig,gud,1
mere,gudfrygtige,1
mennisker,gud,1
overveye,guds,1
læse,guds,1
magtens,gud,1
magt,guds,1
mager,gud,1
mageløse,guds,1
mageligheds,gud,1
maaler,gud,1
maal,guds,1
løver,gud,1
løstige,guds,1
løksaliggøres,gud,1
lærvillige,gudfrygtige,1
major,gude,1
lærte,gud,1
lært,guds-dyrkelse,1
lærdoms,guddommelighed,1
længe,gud,1
lægt,gud,1
lyster,guds,1
lyster,gud,1
lyst,gudsfrygt,1
lys,gud,1
lyksalighed,guds,1
majestætiske,gudsdyrkere,1
malet,gud,1
menneskets,gud,1
meer,guds,1
mennesket,guds,1
menneskert,gud,1
menneskelige,guddom,1
menneskekierlige,guds,1
menneske-ven,gud,1
menneske-fienden,guds-bespotteren,1
mel,guds,1
megen,guds,1
megen,guddommelig,1
meer,guds-ord,1
meening,gudslærerne,1
mand,gud,1
meener,gud,1
meeneed,guds,1
meene,guds,1
medens,gud,1
mariæ,gudelige,1
maria,guds,1
mangler,gudsdyrkelsen,1
mangle,guds,1
mangfoldige,guder,1
mangel,gud,1
nidkier,gud,1
nidkiære,gud,1
nidkiære,guds,1
opnaaet,guds,1
optændt,guds,1
opsøger,gudsbespottere,1
opstandelse,gud,1
oprigtigt,gud,1
oprigtigere,gudsfrygt,1
oprigtige,guds,1
oprigtig,gudsfrygt,1
oprigtig,gudsdyrkelse,1
oprigtig,guds,1
oppebie,guds,1
opnaaes,guddommen,1
opvakt,guds,1
opmuntre,gudfrygtige,1
oplyste,guds,1
oplyser,guds,1
opklækker,gudsfrygt,1
ophøye,guds,1
ophøye,gud,1
ophøjer,gud,1
ophøjede,guddom,1
ophøie,gud,1
opholder,guds,1
optændte,guds,1
opvognede,guds,1
nie,gudinder,1
overlade,guds,1
overvandt,gud,1
overtræder,guds,1
overtræde,guds,1
overtroisk,gudsdyrkelses,1
overtroe,gudsfornægtelse,1
oversvømme,gud,1
oversee,guds,1
oversaae,gud,1
overordentlig,guds,1
overlæg,gud,1
overflødighed,gud,1
opvække,guddommen,1
overflødige,guds,1
overflødig,guds,1
overblevne,gudfrygtige,1
overbeviisninger,guds,1
overalt,guds,1
ords,guddommelige,1
ordgydere,gud,1
ordets,guddommelighed,1
ordentlige,guds,1
ordenens,gud,1
opholdelsen,guds,1
opfyldte,gud,1
opfyldes,gud,1
nytte,guds,1
næste,gud,1
næst,gudslæren,1
næst,guddernes,1
nærværende,guds,1
nærværende,gudelige,1
nægter,guds,1
nægter,gud,1
nægtede,gud,1
nægte,guds,1
nyttig,guds,1
nyt,gud,1
opdragne,gudfrygtige,1
nyelig,guds,1
nyelig,gud,1
nye,guds-dyrkelse,1
nye,guds,1
nye,guders,1
nye,guddommelige,1
noter,gud,1
norge,guds,1
norden,gudsfrygt,1
nogensinde,guds,1
nøye,gud,1
riger,gud,1
o,guders,1
o,gudsfrygt,1
opdrages,gudeligen,1
opdages,guds,1
ondt,gud,1
omvendte,guds,1
omvendt,gud,1
omstunder,gud,1
ommeldte,gudelige,1
omhylte,gud,1
omgang,guds,1
omgaaes,guds,1
omgaae,guds,1
omendskiøndt,gudsfrøgt,1
ofte,guds,1
ofret,gud,1
offrer,gud,1
offere,gud,1
offer,gud,1
offentlige,gudsdyrkelse,1
offentlige,guds-tieneste,1
offentlig,guds,1
också,gudi,1
rigdoms,gud,1
skov-rigers,gud,1
rigerne,gud,1
tænker,gud,1
udvalte,gud,1
udvalt,gud,1
udvalgte,gud,1
udvalgt,gudsdyrkelse,1
udtrykkelige,guds,1
udsigter,guds,1
udryddelse,guds,1
udrustede,guds,1
udretter,guds,1
udgyder,guds,1
udgydelse,gud,1
udgrunde,guds,1
udføre,guds,1
udfordres,guds,1
udelukker,gud,1
uddeeler,guds,1
udbrød,gudinden,1
udbreede,guds,1
udbredende,guds,1
udbredelse,guds,1
udarbeide,gudelige,1
uchristne,gud,1
ubetalelige,guds,1
ubesmittet,guds-dyrkelse,1
ubekiendt,gud,1
ubegribelig,gudsforglemmenhed,1
ubegribelig,guds,1
uadskillelige,guddom,1
u-udsigelige,guds,1
udvirkede,guds,1
udvortes,gudfrygtigheds,1
udvortes,guds-tieneste,1
ulykke,gud,1
undgaae,guds,1
undflye,guds,1
undertiden,guds,1
underskrev,guddommen,1
undersaattere,gudfrytige,1
undersaatter,gudfrygtige,1
underlig,gud,1
underkastet,guds,1
undergivne,guds,1
unddrager,gud,1
umuelig,gud,1
umiddelbare,guds,1
ulyksalige,guder-foster,1
ukrud,gud,1
udvortes,gudsfrygt,1
uhæld,gud,1
uhyklet,gudsfrygt,1
ugudeligste,guds,1
ugudeligheder,guds,1
ugudelige,guds,1
ufortient,guds,1
uforsonlig,gud,1
uforanderlige,gud,1
uendelige,gud,1
udødelige,gudinde,1
udødelige,gud,1
udødelig,gud,1
udvortes,gudstieneste,1
tænkte,gud,1
tænke,gud,1
unyttig,gud,1
tyngsler,guds,1
tilstæde,guds,1
tilstæde,gud,1
tilstædde,gud,1
tilstand,gud,1
tilstaaer,gud,1
tilstaae,gud,1
tilsige,gud,1
tilsidst,guds,1
tilovers,gud,1
tilmaalte,gud,1
tillægge,gud,1
tillukte,guds,1
tillukke,guds,1
tilligemed,guds,1
tillige,gudernes,1
tillegge,guds,1
tillade,guds,1
tilkiendegive,guds,1
tilhørende,guds,1
tilfredsstillet,guds,1
tilbørlig,gudsfrygt,1
tilbudne,guds,1
tilbedeværdige,gud,1
tilbedet,guddommelige,1
tilbedet,gud,1
tilbeder,gud,1
tilbede,guds,1
tilbad,gud,1
tiider,gud,1
tiltaget,guds,1
tiltale,guddommens,1
tiltænkte,guds,1
troefaste,gud,1
tyds,guder,1
tydeligste,guds,1
tvungen,gudsdyrkelse,1
tvisten,gud,1
tvinge,guds,1
tvende,guder,1
tugt,gud,1
trøster,gud,1
trøst,gud,1
trængsel,gud,1
træde,guds,1
troet,gud,1
troende,guds,1
troede,gud,1
time,guds,1
treenig,gud,1
tre,gudinder,1
traadde,guds,1
torde,gudinden,1
tone,gud,1
tolderens,gud,1
tolder,gud,1
toge,guds,1
to,gudinder,1
to,guder,1
tll,guds,1
tjene,gud,1
ting,gudsords,1
undvære,guds,1
uovervindelige,guddommelige,1
riig,guds,1
viise,gudfrygtige,1
værdige,gudslærere,1
værdige,gudinde,1
værdige,gud,1
vældige,skyts-gud,1
vældige,guds,1
vældige,gud,1
vreed,gud,1
vrede,gud,1
vort,guds,1
vort,gudelige,1
vores,gudsdyrkelse,1
vores,guddommelige,1
vore,gudfrygtige,1
vore,guders,1
vore,gudelige,1
viser,gud,1
vise,gudfrygtigheds,1
vise,gud,1
visdommens,guder,1
visdom,gud,1
virkelig,guder-art,1
virkelig,gud,1
virkede,guds,1
vingede,guds,1
vindskibelighed,gudsdyrkelser,1
vindens,gud,1
viiste,gud,1
viist,gudsfrygts,1
viist,gud,1
værdigede,gud,1
værktøi,gud,1
værste,guds,1
ærer,guddommen,1
øyne,gudsfrygt,1
øvet,gudsfrygt,1
øves,gudsfrygt,1
ønsker,gud,1
ønske,gud,1
øinene,gud,1
øiemerke,gud,1
øiekast,gudinden,1
ødeleggelse,gud,1
ødelagt,guds,1
ævig,gud,1
ærværdige,gudelige,1
ærer,guds,1
ærens,gud,1
væsen,gud,1
æreminde,guds,1
ældste,gud,1
ægypter,guds,1
ægteskabets,gud,1
zions,gud,1
zion,guds,1
yttrer,gudsfrygt,1
ypperlige,gudslærere,1
ynder,guds,1
ydmyghed,guds,1
ydes,gud,1
ydermere,guds,1
væsen,gudsfrygt,1
viise,guds,1
viisdommens,gudinde,1
uskrømtet,gudsfrygt,1
viisdommens,gud,1
velgierninger,guds,1
velbehag,gud,1
vejledede,gud,1
veien,gud,1
veie,guds,1
vegne,gud,1
vederstyggelighed,guds,1
vederfares,guds,1
varigere,guds,1
vare,guddommelige,1
vare,gud,1
vanærede,guddommelige,1
vanære,gud,1
vantroe,gudsfornægtelse,1
vantakker,gud,1
vandt,gud,1
vande,guds,1
vand,gud,1
vaklende,gud,1
uvisse,gud,1
utrøstelig,gudinden,1
usynlige,gud,1
usynlig,gud,1
ussornartuinnarsoarme,gudetarsub,1
usminket,gudsfrygt,1
usminkede,gudsdyrker,1
uskyldigheds,gudinde,1
uskyldige,guds,1
uskyldig,gud,1
velgiørende,gud,1
velgiørers,guddommelige,1
velsignede,gud,1
verk,guds,1
viisdom,gudsfrygt,1
viisdom,gud,1
viis,gudfrygtig,1
viide,gud,1
vidt,gud,1
vidste,gud,1
vidnerne,guds,1
videre,gud,1
videnskabs,gudslærens,1
videnskabernes,gud,1
videnskaber,guds-ords-læren,1
veye,guds,1
vers,gud,1
verden,gudinden,1
velsignede,guds,1
verden,guder,1
ver,gud,1
ventes,guds,1
ventes,gud,1
venter,guds,1
vente,gud,1
venskabs,gud,1
venskabens,gud,1
venner,gud,1
ven,guds,1
veltalenhed,gud,1
velsignelser,guds,1
velsignelse,gud,1
tiid,guds,1
tiente,gud,1
tienere,guds,1
schive,gudme,1
skiøndt,gud,1
skiælv,guds,1
skiulte,gud,1
skinnende,gudsfrøgt,1
skin,gud,1
skikkelse,gud,1
skeer,guds,1
skeer,gud,1
skeed,gud,1
skee,gudeligen,1
skamme,guds,1
skamme,gud,1
skallerne,gud,1
skade,guds,1
skabning,guddommelig,1
skabning,gud,1
skaber,gud,1
sinde,gud,1
signe,gud,1
sigende,gud,1
siel,gud,1
sidste,guds,1
sidste,gud,1
side,gud,1
setter,gud,1
sendte,gud,1
selvklogskab,gud,1
selv-udvalgte,gudsdyrkelser,1
sees,guds,1
skiønheds,gudinde,1
skiønne,gud,1
skiønsomhed,guds,1
skue,guds,1
slægters,gud,1
slægt,guds,1
slutning,gud,1
slog,gud,1
slige,gudslærere,1
slette,gudsfrygt,1
slags,gudelige,1
slags,gud,1
skæbne,gud,1
skyts-engel,gud,1
skylder,guds,1
skulleelske,gud,1
skuer,gud,1
skrivt,guds,1
skiønt,gud,1
skriftes,guddømmelighed,1
skriftes,guddommelighed,1
skriftes,guddommelige,1
skriftens,guddommelige,1
skrift,guds,1
skrift,gud,1
skrevne,guds,1
skreg,guds-jammerlig,1
skreg,guds,1
lydige,guds,1
skole,guds,1
sko-børste,gudinden,1
skiønt,guderne,1
seer,guds,1
saud,gudsfrygt,1
tiener,guds,1
satte,gud,1
sager,gud,1
sag,guds,1
saavidt,gud,1
saasom,guds,1
saasom,gud,1
saasnart,gudstienesten,1
saasnart,guds,1
saare,gudsfrygtig,1
saare,gudfrøgtig,1
saafremt,gud,1
saadanne,gudfrygtigheds,1
saadanne,guder,1
s,gud,1
røver,gud,1
røst,guds,1
røst,gud,1
røres,gud,1
rødder,guds,1
ryggesløse,guds,1
ruinere,gudelige,1
roter,gud,1
roser,gud,1
rosenstand,gud,1
roes,gud,1
roe,gudinden,1
ringere,guder,1
ringe,gudsfrygt,1
rime,gud,1
riiget,guderne,1
sagt,gud,1
sal,guddes,1
salig,gud,1
sand,gudstiener,1
sandheds,gudskundskabs,1
sandheds,gud,1
sandhedernes,guddommelige,1
sandhedens,guddommelige,1
sandhed,guds,1
sandelig,guds,1
sandelig,gud,1
sande,gudstieneste,1
sande,gudsfrygts,1
sande,gudsdyrkelse,1
sande,guds-dyrkelses,1
sande,gudfrygtighed,1
sanddrue,gud,1
sand,gudsfrygtighed,1
salig,gudhengivenhed,1
sand,gudsdyrkeres,1
sand,guds-dyrkelse,1
sand,gudfrygtigheds,1
sand,gudfrygtighed,1
samvittighedens,guds,1
sammensmedet,gud,1
sammenkiedet,guds,1
samler,guds,1
samlede,gud,1
salvede,gud,1
salighed,gudernes,1
salighed,gud,1
salig,guds,1
smaae,guder,1
smage,gudsfrygt,1
smerte,guds,1
smittes,guds,1
søgt,guds,1
søge,guds,1
søge,gud,1
søekanten,gud,1
søde,guds,1
søde,gud,1
sætter,gud,1
sætte,gud,1
særdeles,guddommelige,1
sælskabs,gudinder,1
syvendes,gudeligste,1
sysselmændene,gudmunder,1
synlige,guder,1
synge,gud,1
synes,gud,1
synden,guds,1
syndefuld,gud,1
syge,guds,1
sygdom,gud,1
svares,gud,1
svarede,guds,1
svarede,gudinden,1
svare,gud,1
svar,gud,1
svage,guds,1
summa,guds,1
sukkende,gud,1
støvet,gud,1
største,gudhengivenhed,1
søgte,gud,1
sønner,guds,1
søvnens,gud,1
taler,gud,1
tiener,gudernes,1
tiender,gud,1
tiende,guds,1
tider,gud,1
tiden,guds,1
theologien,gud,1
texten,gud,1
text,guds,1
tes,gud,1
tegne,gud,1
tanke,gud,1
talere,guds,1
taler,guddommelige,1
talebrug,gudsbespottere,1
taalmodighed,guds,1
taksigelse,gud,1
takopfyldte,gudsdyrkere,1
taknemmelighed,gud,1
takket,gud,1
takkende,gud,1
takkede,guderne,1
taget,gud,1
tager,guds,1
tager,gud,1
tage,gud,1
tabte,gudsfrygt,1
taarer,gud,1
taalte,guds,1
største,gud,1
større,guds,1
støde,guds,1
spore,guds,1
statsforfatning,gudstieneste,1
stat,gud,1
stand,gud,1
stal,guds,1
stadens,mode-gud,1
staden,gud,1
staae,gud,1
ssal,guds,1
spurgte,gudinden,1
spottere,guds,1
spotter,guds,1
spottede,gud,1
spot,guds,1
speisen,gudowitsch,1
steder,gud,1
spaaet,gud,1
spaadommenes,guddommelighed,1
spaadom,guds,1
sotteseng,gud,1
sorg,gud,1
soldater,gud,1
sodoma,guds,1
snarere,guds,1
snarer,gud,1
snare,guds,1
snare,gud,1
smykke,guds,1
smukke,guder,1
sted,gud,1
stedse,guds,1
stærke,gud,1
storre,gudsfrygt,1
stænder,gud,1
styrkes,gud,1
styrke,guds,1
styrke,gud,1
struensee,gud,1
struense,gud,1
striig,gud,1
straffer,gud,1
straffede,gud,1
straffe,guds,1
straffe,gud,1
straf,guds,1
straaler,gud,1
store,gudsdyrkers,1
stedsevarende,guds,1
store,gudinde,1
store,guders,1
store,guddoms,1
store,guddommelige,1
stor,guddommelig,1
stor,guddom,1
stolte,bierge-guder,1
stod,guds,1
stillet,guds,1
stifteres,gudelige,1
stiftelse,guds-dyrkelsen,1
stiele,guders,1
stevnede,gudinden,1
lykkens,gudinde,1
johanne,gudmands,1
lyde,gud,1
eder,guds,1
derover,gud,1
derimod,guds-huuse,1
derimod,guds,1
deri,gud,1
derhos,guds,1
derfore,gudinden,1
dens,skyts-gudinde,1
dens,gud,1
deiligste,gudinde,1
deiligheds,gudinden,1
deilige,guds,1
deilige,gudinder,1
dd,guds,1
david,gud,1
danske,guds,1
danske,guder-historie,1
dannemarks,gud,1
danne,gudsfrygt,1
dandsens,gudinde,1
dandsemester,gudinde,1
daglig,guds-paakaldelse,1
dagen,guds,1
dagen,gud,1
daarer,gudsfrygt,1
crocodiler,guderne,1
collegio,gud,1
cimbrernes,gud,1
christus,guds,1
christnes,gud,1
derpaa,guds,1
ders,gud,1
dersom,guds,1
drømmeverk,gud,1
eder,gud,1
e,gudsfrygt,1
døer,gud,1
døe,gud,1
døden,guds,1
dyrker,gudfrygtighed,1
dyrebareste,guds,1
dyrebare,gudslærere,1
dyrebare,guds,1
dyrebare,guddommelige,1
dyd,gudsfrygt,1
dyd,guds,1
dybest,gud,1
drukne,guds,1
dersom,gudsfrygt,1
dragt,gud,1
dommer,gud,1
dit,guddoms,1
disputere,gud,1
dine,gudsforgaaene,1
did,gud,1
dg,guds,1
dett,gudfrygtige,1
desværre,guds,1
desverre,gud,1
deslige,guds,1
deslige,gudelige,1
desformedelst,guds,1
christians,gud,1
christian,guds,1
christian,gudernes,1
boer,gudsfrygt,1
broder,gud,1
breves,guddommelige,1
brast,guds,1
bragte,gudinderne,1
braad,guds,1
boy,gud,1
bort,gudsfrygt,1
boris,gudenovs,1
borger,gud,1
bonden,gud,1
bonde,gud,1
bogstaver,gud,1
bogatzki,gudelige,1
boer,gud,1
brugelig,gud,1
boe,gud,1
blændede,guds,1
blomstrende,gudsfrygt,1
blod,guds,1
bliv,gud,1
blinde,gud,1
blide,guder,1
blant,gudinder,1
blant,gudernes,1
blandt,guds,1
blandt,guderne,1
bitterhed,gud,1
billigen,guds,1
brug,guds,1
bruger,guds,1
christi,guddommelige,1
bønhørt,gud,1
christen,gud,1
character,gud,1
censur,gud,1
catharine,gudmands,1
c,gud,1
bøyer,guders,1
børsterige,guds,1
børsterige,gud,1
børne-lærdom,gud,1
børn,gud,1
bør,guder,1
bør,gud,1
bønnen,guds,1
bøn,guds,1
brugt,guds,1
bæste,gud,1
bære,gud,1
byens,gudslærere,1
byder,gudsfrygt,1
byder,gudernes,1
bydende,guder,1
bugens,gud,1
brødre,gud,1
brød,gud,1
brænder,guds,1
brændende,gudsfrygt,1
brændende,guds,1
brylups,guden,1
eder,gudernes,1
eder,gudslæren,1
forestiller,gud,1
eders,gudfrygtige,1
flok,gudslærere,1
flok,gud,1
flere,guds,1
fleere,guds,1
fleere,gudfrygtige,1
flammer,gud,1
fisk,gudsvelsignelse,1
fisk,gud,1
findes,guds,1
finde,gud,1
fik,gud,1
femte,guds,1
feldhauptmann,gude,1
feiler,gud,1
favne,guddom,1
fattige,gud,1
fast,guder,1
fart,gud,1
fare,gud,1
fandt,gud,1
familie,guds,1
falske,guder,1
falske,guddom,1
falske,gud,1
falder,gud,1
falde,gud,1
fader,guds,1
faa,gudfrygtiges,1
f***g,gud,1
folkes,guddommelige,1
folkes,guder,1
folket,gud,1
forblive,guds,1
foreskrive,gud,1
foredrage,gudstienesten,1
fordærvelse,gud,1
fordum,guds,1
fordriver,guds,1
fordrer,gud,1
fordrede,gud,1
fordre,gud,1
fordomme,gudsfrygt,1
fordeele,guds,1
forbyde,guds,1
forborgne,gud,1
forborgen,guds,1
forblive,gud,1
folkets,gudsfrygt,1
forbigaae,guds,1
forbi,gud,1
forbemelte,guds,1
forbedring,gud,1
forbarmende,guds,1
forbarmende,guddom,1
forbarmelsers,gud,1
forbarmelig,gud,1
forbande,gud,1
foragtet,guddoms,1
foragter,guds,1
foragt,guds,1
fom,gud,1
f,gud,1
exemplariske,gudsfrygt,1
exempel,gudfrygtigheds,1
egenkiendelse,dog—gud—din,1
elsker,guds,1
elskelige,guds,1
elskede,gud,1
elsk,gud,1
ellers,gud,1
elendige,gudsfrygt,1
elendig,gudstjeneste,1
ej,gud,1
eiede,gud,1
eget,gudfrygtige,1
egentlige,guddommelige,1
egentlig,gud,1
egenskaber,guderne,1
efterligne,guds,1
elsket,guds,1
efterlevet,gud,1
efterleve,guds,1
efterfølge,guds,1
eenstemmig,gud,1
eenigheds,gud,1
eenfoldige,gudfrygtighed,1
eeneste,gud,1
eene,gud,1
eenbaarne,guds,1
eders,hjelpe-gudinde,1
eders,hielpe-gudinde,1
eders,gudsdyrkelses,1
eders,guds,1
elsker,gudstienesten,1
elskovs,gudinde,1
ewige,gud,1
enke-dronning,gud,1
evangeliske,guds,1
ethvert,guds,1
ester,guds,1
est,gud,1
esfer,gud,1
erlanget,guds,1
erkænder,guds,1
erkänna,gud,1
erklæret,guds,1
erkiendelse,guds,1
erindrer,guds,1
erfarer,guds,1
eolus,gud,1
englene,gud,1
elskovs,guds,1
engel,gud,1
engang,guds,1
enfoldighed,gud,1
enfoldige,gudsfrygtige,1
enemagt,gud,1
ene,guddommelige,1
endstiønt,gud,1
endskiønt,guddommelig,1
endogsaa,guds,1
endelig,gud,1
ende,guds,1
ende,gud,1
elskværdigere,gud,1
bibelen,guds,1
bibelen,gud,1
bibel,gud,1
bevæget,gud,1
aleeneste,guds,1
aldeles,gud,1
agter,guds,1
agte,guds,1
agte,gud,1
agt,gud,1
aften,gud,1
afskyelige,guds,1
afsette,gud,1
aflegge,guds,1
afbede,guds,1
adstadighed,guds,1
adspørger,guds,1
adspredte,gud,1
aarhundrede,guds,1
aar,gud,1
aandernes,gud,1
aabenbaret,gud,1
aabenbarer,gud,1
aabenbarede,gud,1
aabenbare,gud,1
aa,gud,1
94,guds,1
91,gud,1
9,guds,1
87,gud,1
86,guds,1
84,gud,1
83,gud,1
alene,guds,1
algodheds,gud,1
all,guddommelig,1
alligevel,guds,1
ambulant,guds,1
alvorligere,gudsfrygt,1
alvorlige,gudsfrygtden,1
alvorlig,gudsfrygt,1
altsaa,guds,1
altsaa,gudelige,1
alting,guds,1
altid,gud,1
alseende,gud,1
almægtigste,guds,1
almægtig,guds,1
almindelige,gudsfrygt,1
almegtige,gud,1
allesteds,guds,1
all,gudfrygtighed,1
allesammen,gud,1
allersaligste,guds,1
allerretfærdigste,guds,1
allerreneste,gud,1
allernærmest,guds,1
allerkierligste,guddommelige,1
allerivrigste,gudfrygtigheds,1
allerhøyeste,guds,1
allerhøyeste,gud,1
allerhøjeste,guds,1
allerhøjeste,guddommelige,1
allerhøieste,guds,1
allerhelligste,guds,1
8-10,gud,1
8,gudsfrygt,1
8,gud,1
19,gudelige,1
29,gud,1
28,gudsords-læreren,1
277,guds,1
26,gud,1
25,gud,1
24,gud,1
23,guder,1
23,guddommelige,1
22,guds,1
22,gud,1
210,guds,1
209,gud,1
207,gudelige,1
19,gud,1
3,guddommens,1
18,gud,1
179,guddommelige,1
17,guds,1
15,gudfrygtiges,1
13,gudsfrygt,1
13,gud,1
12,gudfrygts,1
12,gud,1
11,gudsfrygt,1
11,guds,1
11,gudinde,1
11,gud,1
105,guds,1
29,guds,1
3,guds,1
73,guds,1
45,guddommelige,1
73,gud,1
71,gud,1
"7,2",gud,1
6tes,gudelige,1
68,gud,1
66,gudsfrygt,1
65,gude,1
64,gud,1
6,guds,1
57,guder,1
52,gud,1
5,guds,1
48,guds,1
45,guddommelig,1
30,gud,1
45,gud,1
44,gud,1
42,gud,1
3die,guddommens,1
3de,guddommelige,1
38,gud,1
36,gudsfrygt,1
36,guds,1
35,gud,1
34,gud,1
325,guds,1
32-36,guds,1
31,gud,1
amen,gud,1
anbefale,gudslærerne,1
anbefalende,gud,1
bekiendt,gud,1
beskikker,gudelige,1
beskierm,gud,1
beskiemme,gud,1
besegle,guds,1
besatte,gud,1
bergen,gud,1
bereder,gud,1
benaadet,guds,1
benaadelse,gud,1
belønnes,gud,1
bekomme,guds,1
bekiendte,gudsfrygt,1
bekiendt,gudelig,1
bekiende,gud,1
beskrevet,guds,1
behøvede,guds,1
beholdt,guds,1
behaget,gud,1
behager,guds,1
behager,gudinden,1
behagelig,guds,1
behagelig,gud,1
begynder,gud,1
begræde,gud,1
begreber,gud,1
begiær,gud,1
begge,guds,1
befæstet,gudderne,1
beskjemme,gud,1
beskrive,guds,1
befrygtede,guds,1
betalte,gud,1
bevæge,guds,1
bevæbne,guds,1
bevogte,gud,1
beviisninger,gud,1
bevare,guds,1
bevare,gud,1
beundre,guddommen,1
betænker,guds,1
betænke,gud,1
betroede,gud,1
betragtning,guds,1
betragtet,gudsfrygt,1
betragte,gud,1
betalning,gud,1
beskriver,guds,1
betaling,gud,1
betale,gud,1
besøge,guds,1
beste,guds,1
beste,gud,1
bestandig,gudsfrygt,1
bestandig,guds,1
bespotter,gud,1
bespottede,guddommen,1
besnæret,guds,1
beskyttelse,gud,1
beskyldt,guderne,1
beskrives,guds,1
befæste,gud,1
befrygte,guds,1
anbefalet,gud,1
ansee,gud,1
arbeid,gud,1
ar,gud,1
anvendelsen,gud,1
antændt,guds,1
antænder,gud,1
antager,guds,1
antager,gud,1
ansvar,gud,1
ansigt,guderne,1
anses,guds,1
anseet,gud,1
ansees,guds,1
anseer,gud,1
anraabte,guddommen,1
arbeydet,gud,1
anraabte,gud,1
anraaber,gud,1
anraabede,gud,1
anpriise,gudslærerne,1
anordnede,gud,1
anmode,gudinden,1
anklage,guds,1
anhørte,guds,1
angriber,guds,1
anførte,guds,1
andet,gud,1
anderlige,guds,1
andagt,guddommelige,1
arbeydede,gud,1
ark,gud,1
befrielse,gud,1
bede,gudsfrygt,1
befordring,gud,1
befordrede,gudfrygtiges,1
befaling,gud,1
befalede,gudfrygtighed,1
befalede,gud,1
beed,gud,1
bedste,guds,1
bedrøvede,skyts-gud,1
bedroge,gud,1
bedrevet,guds,1
bedrage,gud,1
bedet,gud,1
beder,guds,1
barmhjertighed,gud,1
arm,guds,1
barmhiertig,gud,1
barmhierlighedernes,gud,1
balles,gudelige,1
balak,guds,1
b,guds,1
azan,gud,1
attraae,guds,1
atter,gudinder,1
aten,gudfrygtig,1
aske,gud,1
as,guds,1
arve,gud,1
armod,gud,1
forestaaer,gud,1
forestillet,guds,1
luttred,gudsfrygt,1
indvaanernes,gudstieneste,1
iagttage,guds,1
høystnødvendig,gud,1
høyheds,gudsfrygtighed,1
høyeste,guds,1
høyeste,guddommelige,1
høyere,guddommeligere,1
høyere,guddom,1
hørt,guds,1
hørde,gudstjenesten,1
hør,gud,1
høje,gud,1
høit,gud,1
høistærede,gud,1
høistfortørnet,guds,1
høilovede,guds,1
høilovede,gud,1
høie,guddommelige,1
høie,gud,1
hævnende,gud,1
hævn,guds,1
hævn,gud,1
hærskarernes,gud,1
hærre,gud,1
hær,gud,1
hvorpaa,guderne,1
hvorpaa,gud,1
hvorom,guds,1
hvorom,gud,1
hvorleedes,gud,1
iagttog,gudstienesten,1
iblant,guder,1
iblant,guder-hoben,1
indbildt,guddom,1
indstævnet,gud,1
indsluttet,gud,1
indsaae,gud,1
indretninger,gudsfrygt,1
indretninger,guds,1
indretning,gud,1
indplanter,guds,1
indkomster,gud,1
indgangen,guds,1
indgaaet,gudeligt,1
indbyggernes,gudsfrygt,1
indbyggerne,gud,1
indbildte,guders,1
imodstaae,guds,1
iblant,gudsdyrkere,1
imod,gudsfornægtere,1
imod,gudfrygtige,1
ildsprudende,guds,1
ild,gud,1
ikkun,guds,1
ikkun,gudfrygtigheds,1
ii,gud,1
ihu,gud,1
igiennemtrænger,guds,1
igiennemgik,guds,1
igiennem,guder-boligen,1
igienfødt,guds,1
iboelse,guds,1
hvori,guds,1
hvorfore,gud,1
hvorfor,gud,1
hielpsomme,guder,1
himmelens,guder,1
himmel-kreds,gud,1
himmel,gud,1
himlene,guds,1
himlen,guds,1
himlen,gud,1
himlebarn,gudfrygtighed,1
hiin,gudfrygtige,1
hierters,gudelige,1
hiertelig,gud,1
hierte,guds,1
hierte,guderne,1
hiem,guds,1
hielperige,guder,1
hindre,gud,1
hialp,guds,1
hialp,gud,1
hevne,guds,1
hertil,guds,1
herskende,gudsfrygt,1
herskende,gudfrygtighed,1
herskabernes,gud,1
herres,guddommelige,1
herren,gud,1
herre,gudsfrygt,1
herr,gudman,1
herr,gudes,1
hermed,gud,1
himmelske,gud,1
hindre,guds,1
hvilket,gudsfrygtigheds,1
hovedlærdom,guds,1
hvilket,guderne,1
hvilken,guderne,1
hvilken,guddoms,1
hvilken,gudddommelig,1
hvilke,guddommelige,1
hviler,guds,1
huus,guds,1
huus,gud,1
hurra,gud,1
hrolf,guders,1
hr,gudmand,1
hr,gudbrand,1
hovedvidner,gud,1
hoved-øiemeed,guds,1
hindrede,guds,1
hoved-lærdom,guds,1
hosbonden,gud,1
horat,gud,1
holdte,gud,1
holdt,gud,1
holdet,guds,1
holder,gudsdyrkelse,1
holde,gud,1
hojah,gud,1
hjærter,gud,1
historier,gud,1
hiordys,guder,1
hindret,guds,1
indtet,guds,1
indvendig,guddommelig,1
forfattede,gud,1
intet,gud,1
lever,gudfrygtig,1
leve-tid,gud,1
let,guds,1
lemmerne,gud,1
lemmer,guds,1
lemmer,gud,1
leilighederne,gud,1
lee,gud,1
latter,gudsdyrkelsen,1
laster,gud,1
lastefuld,gud,1
landets,gudfrygtige,1
land-oeconomie,gud,1
lage,guds,1
ladet,gud,1
lad,gudsfrygt,1
laae,gudsfrygten,1
l,guds,1
kysse,gud,1
kuns,gudfrygtigheden,1
kræfter,gudernes,1
kræfter,gud,1
kroner,guderne,1
krone,guds,1
krigshærernes,gud,1
krigs,guden,1
kraften,gud,1
koster,gud,1
kostbare,guds,1
lever,guds,1
levitiske,guds-tienestes,1
liden,gudsfrygt,1
lode,guds,1
luttre,gud,1
lutterske,guds,1
lutter,gudfrygtighed,1
lovs,gud,1
lovlig,gud,1
lovet,gud,1
lovede,gud,1
loved,gud,1
love,gudsfrygt,1
love,guds,1
lov,gud,1
lokkende,guder,1
loe,deraf(gud,1
lode,gud,1
liden,halv-gud,1
livsalige,guds,1
livs,gud,1
livets,gud,1
liv,gud,1
listig,gudfrygtigheds,1
list,gud,1
ligner,guds,1
lign,gud,1
ligger,guds,1
ligesaa,gudsfrygtig,1
ligeledes,guds,1
lidet,guds,1
lidere,gud,1
kostbare,guddommelige,1
korte,gudelig,1
kort,gudelig,1
juliana,gud,1
kiendte,guds,1
kiendt,gud,1
kiendes,guds,1
kiendeligere,guds,1
kied,guds,1
kaster,gudfrygtigheds-tøile,1
kand,gud,1
kaldes,guder,1
kaldes,gud,1
kald,gud,1
k,guds,1
jøders,gudsfrygt,1
juule-stue,guds,1
jordens,guds,1
kiere,gudsfrygt,1
jordens,gudinder,1
jorde-guders,himmel-gud,1
jesu,guddommelige,1
jesu,gud,1
jehova,gud,1
iværksat,gud,1
ivrigste,gudsdyrkere,1
itte,gud,1
item,guds,1
især,gud,1
israeliternes,guds,1
island,guds,1
island,gud,1
kiere,gud,1
kierlige,gud,1
kort,gud,1
kom,gudsfrygt,1
korsfæstede,guddoms,1
konges,gudelige,1
kongernes,gud,1
kongerne,guder,1
konger,guder,1
kongens,guds,1
kongens,gudelige,1
kongens,gud,1
kongebog,gudernes,1
konge-valg,guds,1
konge-stamme,guds,1
konge,jorde-guders,1
kompagnie,gud,1
koldt,gud,1
kierlighed,gud,1
knækker,gud,1
klæde,gud,1
klipper,guds,1
klager,gud,1
kiøbenhavn,gud,1
kiære,gud,1
kirkes,gudstieneste,1
kirken,guds,1
kilde,gud,1
kierligheds,guden,1
kierligheds,gud,1
kierligheden,gud,1
kierlighed,guds,1
herlighedens,gud,1
herligheden,guds,1
herlighed,guds,1
herlighed,gud,1
frederik,guds,1
fraspunden,gud,1
forældres,gudfrygtighed,1
forældre,guds,1
forvoven,gudsfornægtere,1
forventede,guds,1
forventede,gud,1
forvandle,guds-huuse,1
foruroligede,guds,1
forunderlig,guds,1
fortørner,gud,1
fortørnede,guds,1
fortvivlet,gud,1
fortrængte,guds,1
fortrædelige,gud,1
fortrykte,guds,1
fortrinet,guds,1
fortreffelige,guds,1
fortplante,guds,1
fortjent,guds,1
fortienet,guds,1
fortalte,guds,1
forsømte,guds-tienesten,1
forsynet,gud,1
forstørres,gud,1
forstyrres,gudstienesten,1
forstyrre,gud,1
forstaae,guds,1
forsoningskraft,gud,1
freds-fyrstinde,guds,1
frelse,gud,1
frelse,gudfrygtighed,1
friderik,gud,1
frydefulde,gudsdyrkelse,1
fryde-skriig,guds,1
frukta,gud,1
frugter,gud,1
frugt,gud,1
frolice,gudinden,1
frivillig,gudsdyrkelse,1
frikiende,gud,1
friheds,skyts-gud,1
frietænkere,gud,1
friemodige,guds,1
fridrich,gud,1
fridlev,guderne,1
friderichssund,gud,1
frelsende,gud,1
fremmes,guds,1
fremme,guds,1
fremlægger,guds,1
fremholder,guds,1
fremfare,gud,1
fremdeles,gud,1
frem,guds,1
frelste,gud,1
frelseres,guddommelige,1
frelserens,guddom,1
frelser,guds,1
frelsens,gud,1
frelsende,guds,1
forsonet,guds,1
forsonere,gud,1
forsoner,gud,1
forjettelser,gud,1
forlanger,gud,1
forlader,gudsfrygt,1
forladelse,gud,1
forladelog,guds,1
forkyndt,guds,1
forkyndedes,guds,1
forkynd,guds,1
forklaring,gud,1
forklarer,guds,1
forklare,guds,1
forkastet,gud,1
forkaster,guds,1
forjættelse,gud,1
forjage,gudsfrygt,1
forliis,guds,1
forholdt,gud,1
forhindre,gudfrygtigheds,1
forhaanet,gud,1
forh,gudinde,1
forglemt,gud,1
forglem,gudsfrygt,1
forgiæves,gud,1
forførere,gud,1
forfølge,guds,1
forfærdigede,gudelige,1
forfærdelig,gud,1
forfædres,gud,1
forfremmelse,guds,1
forligende,gud,1
forlystelsers,gudinde,1
forsone,guderne,1
fornærmelser,gud,1
forsmaaer,gud,1
forsamling,gudsfrygt,1
forringer,guds,1
forringe,guds,1
forringe,gud,1
forrige,guds,1
forrette,guds-tienesten,1
forretninger,gudsfrygt,1
forplantelse,guds,1
forplante,guds,1
forordninger,guds,1
fornøye,gud,1
fornærmer,guds,1
fornærme,guds,1
forløsning,guds,1
fornærme,gud,1
fornægter,gud,1
fornye,guds,1
fornummet,guds,1
fornuftstridighed,gud,1
fornuftige,guds-dyrkelse,1
fornuft,guds,1
fornemmelig,gud,1
formindske,guds-tieneste,1
formindske,guds,1
formere,guds,1
formedelst,gudmenneskets,1
formedelst,guddommelig,1
frygt,guds,1
frygte,guderne,1
frygte,guds,1
grund,gud,1
haabe,gudernes,1
général-major,gude,1
gudfrygtighed,gud,1
guder,guds,1
gudelige,guds,1
grønland,guds,1
grøde,gud,1
græmmelse,gudsdyrkerne,1
græde,guds,1
grundig,gudslærere,1
grunde,gudhengivne,1
grund,guds,1
grund,gudfrygtige,1
groer,guds,1
haarede,halv-gud,1
greene,gud,1
gram,gud,1
grad,guds,1
got,gud,1
godhed,gud,1
godgiørende,gud,1
gode,gudelige,1
god,guds,1
glædes,gud,1
glæder,gud,1
glædens,gud,1
glæde,guddommeiig,1
glemte,guds,1
haabede,gud,1
hadt,gudsfrygt,1
glemmes,gud,1
helligste,gud,1
herliggiøre,guds,1
herligere,gud,1
herligen,gud,1
herlige,gud,1
hensigterne,gud,1
henseende,gud,1
henofret,gud,1
henføres,gudelige,1
henfører,guds,1
hen,guds,1
helvedes,plage-gudinder,1
helvedes,gud,1
helligt,guds,1
hellighed,gudsfrygt,1
halv,guds,1
helliges,guds,1
hellig,guds,1
hele,gudstjeneste,1
hele,guder-mængden,1
hele,guder-hoben,1
heelt,guds,1
heele,guds,1
heel,gudelig,1
hedniske,gude-lære,1
hedningernes,guds-lære,1
hedenske,gudstjeneste,1
hedenske,guders,1
hands,guddommelige,1
glemt,gud,1
glemmer,gud,1
frygtede,guderne,1
fæderneland,guder,1
følgende,guddommelige,1
følgelig,guds,1
føler,guds,1
føle,gud,1
føer,gud,1
føeltes,gud,1
føde,gud,1
för,guds,1
fæste,gudfrygtighed,1
færd,gud,1
fædres,guds,1
fædrene-land,guds-læren,1
fædrene,gud,1
fyldestgiøre,gudernes,1
føre,guds,1
fylderie,gud,1
fuldtakke,gud,1
fuldkomneste,gud,1
fuldkomne,guds,1
fuldkommet,guds,1
fuldkomme,guds,1
fuldført,guds,1
fuldfører,gud,1
fuldbyrdede,gudelige,1
frækkeste,guds,1
frygtet,gud,1
frygtes,gud,1
frygter,guderne,1
følgeværdigt,gudfrygtigheds,1
førend,guds,1
glemme,guds,1
generaladjutanten,gudowirsch,1
glatkievede,gud,1
giører,gud,1
givet,gud,1
gierning,guds,1
gierne,gud,1
giengieldelsens,gud,1
giengieldelsenes,gud,1
giellebøl,gud,1
gid,gudsfrygt,1
gid,gud,1
gerne,gud,1
genie,gudstjeneste,1
generalmajor,gudde,1
general,gud,1
først,gud,1
gellerts,gudelige,1
ge,gud,1
ganske,guds,1
ganske,guder-sahl,1
gammeldags,guds,1
gamle,gudsfrygt,1
gamle,gudfrygtige,1
gaderne,gud,1
gaaer,guds,1
g,gud,1
førte,guds,1
første,guddommelige,1
første,gud,1
ɔ,gudernes,1
