docid,left_context,keyword,right_context
1.5.1- side 39,enhver bonde havde sin,jord,for sig selv afdeelt
1.5.1- side 40,han skal giøde sin,jord,ei bortføre mere end
1.5.1- side 40,naar han havde sin,jord,for sig selv beliggende
1.5.2- side 33,nu med steen tang,jord,c
1.5.2- side 38,overlade ham min eyendoms,jord,og grund for at
1.5.2- side 50,falde paa den allerbeste,jord,i markerne andres derimod
1.5.2- side 50,at han fik mere,jord,i sit maal fordi
1.5.2- side 50,megen og slet ufrugtbar,jord,for den som forhen
1.5.2- side 50,maaske svare den slette,jord,kan ved flid og
1.5.2- side 51,etableres paa den dyrkværdige,jord,som skulde anvendes til
1.5.2- side 52,kortere maade at bøndernes,jord,for hver gaards hartkorn
1.5.2- side 52,lods-eyer har mere samlet,jord,i markerne end til
1.5.2- side 52,mark-naboes sæd den yderste,jord,som er længst borte
1.5.2- side 53,hartkorns størrelse al den,jord,som de nu haver
1.5.2- side 54,hver fik al sin,jord,som den tilkom i
1.5.2- side 54,benytte sig af sin,jord,al jorden bekom ogsaa
1.5.2- side 55,drive thi jo mindre,jord,bonden har jo bedre
1.5.2- side 56,tienestefolk meget af hans,jord,bliver da kuns maadelig
1.5.2- side 56,gaarden og saa megen,jord,forsømt til stor tab
1.5.2- side 56,lolland efter 4 slags,jord,saaledes den 1ste og
1.5.2- side 56,1ste og beste slags,jord,hvoraf beregnes paa 1
1.5.2- side 56,3 tønders udsæd eller,jord,af 42000 qvadrat alen
1.5.2- side 57,6 tønders udsæd eller,jord,af 84000 qvadrat alen
1.5.2- side 57,9 tønders udsæd eller,jord,af 126000 qvadrat alens
1.5.2- side 57,første og beste slags,jord,kan med egen hielp
1.5.2- side 57,en plov forsvarlig drive,jord,idet høyeste til 5
1.5.2- side 57,2de første slags sæde,jord,som er af stærk
1.5.3- side 17,17 bryde,jord,op til agerland og
1.5.3- side 18,hver bye fik sin,jord,for sig selv og
1.5.3- side 18,enhver bonde blev udlagt,jord,til en fuldkommen frugthave
1.5.3- side 19,han har saa megen,jord,som kan give ham
1.5.3- side 29,maa lade sin egen,jord,ligge udyrket og følgelig
1.5.3- side 30,af de øvrige bønders,jord,i brug for disse
1.5.3- side 31,faae enhver bonde sin,jord,udmaalet og tildeelt men
1.5.4- side 57,legeme skal blive til,jord,hvoraf det er taget
1.5.5- side 4,ild luft vand og,jord,jo indeholder al den
1.5.5- side 7,af stene eller sandig,jord,hvorudi var indblandet guldstev
1.5.5- side 7,guld af de stene,jord,eller andre bergarter som
1.5.5- side 10,materie havtang og qvarksandagtig,jord,med mere deslige som
1.5.5- side 53,men dog indeholder dyrkningsværdig,jord,af saadan beskaffenhed at
1.5.5- side 58,fremsettende eller antreffende salpeterfødende,jord,derimod udi sterk frost
1.5.5- side 62,indlegges to skiepper salpeter,jord,samt 1/8 skieppe kalk
1.5.5- side 68,hartkorn som den brugende,jord,vr at sat i
1.5.5- side 102,fjelde klipper jordbakker flad,jord,og vande nemlig hav-søe
1.5.5- side 107,berg og landmaalings redskaber,jord,og berg-boerer berg-sprængnings og
1.5.5- side 124,ild luft vand og,jord,steenriget dermed indbegreben antegnes
1.5.6- side 8,dertil uden hvilket hverken,jord,guld eller sølv er
1.5.6- side 8,kunde eye en strækning,jord,af en snees miile
1.5.6- side 26,skiærpet ligesom en ufrugtbar,jord,ved dyrkelse bringes til
1.5.6- side 38,ikke dyrkelsen af vor,jord,det første som behøver
1.5.7- side 6,kun en ringe plet,jord,er i følge med
1.5.7- side 6,boeliger forsynede med noget,jord,brug lidet eller meget
1.5.7- side 10,indretninger a hidtil udyrket,jord,findes paa adskillige stæder
1.5.7- side 11,9,jord,for sig selv jeg
1.5.7- side 11,er at have sin,jord,omkring sin gaard og
1.5.7- side 11,bønder at den beste,jord,ofte ligger saa langt
1.5.7- side 11,paa denne allerede dyrkede,jord,kunde boe flere familier
1.5.7- side 12,have i almindelighed mere,jord,end de nb vel
1.5.7- side 13,i hver vang denne,jord,skulde inddeeles i saa
1.5.7- side 19,er det nogenlunde god,jord,og man kand overkomme
1.5.7- side 20,indføres huusmanden deeler sin,jord,i 6 agre 1
1.5.7- side 22,gaard skulle miste mere,jord,end en anden om
1.5.7- side 22,fik mere eller bedre,jord,end
1.5.7- side 27,bondegaard burde have faamegen,jord,som med 6 bester
1.5.8- side 31,31 huusbondens,jord,som derved ville tilveyebringes
1.5.8- side 37,behandler og dyrker sin,jord,eller hvorledes hans agerbrugs
1.5.9- side 37,dets sted et stykke,jord,i hver af byens
1.5.9- side 48,gaard og dyrke deres,jord,med videre men som
1.5.10- side 51,bruger noget af bondens,jord,og saadant de saaer
1.5.11- side 12,om ikke den hele,jord,har almindelige langsomme og
1.6.1- side 7,beboere bortfæstet eller leiet,jord,3 i hver by
1.6.1- side 7,tilfælles indhegnet en strekning,jord,fra det almindelige fælleskab
1.6.1- side 9,blandede i andre byers,jord,endskiønt hver mand har
1.6.1- side 9,have saare liden god,jord,som nu ligger midt
1.6.1- side 9,imellem den paagrændsende byes,jord,og den skal de
1.6.1- side 9,er den anden byes,jord,som ligger iblant deres
1.6.1- side 9,end deres egen øvrige,jord,hvo der veed hvor
1.6.1- side 9,et desstørre stykke slet,jord,vel bør denne forskiel
1.6.1- side 9,betragtning naar en mands,jord,skal vurderes til skat
1.6.1- side 10,10 valent kan slet,jord,aldrig blive for god
1.6.1- side 10,aldrig blive for god,jord,den slette store strekning
1.6.1- side 10,strekning af den gode,jord,og hvad den igien
1.6.1- side 10,den ringe andeel god,jord,som byen maaskee har
1.6.1- side 11,adskilte og fremmede byers,jord,udskiftet førend der kan
1.6.1- side 13,beboere faae al deres,jord,paa sandbanker eller imellem
1.6.1- side 14,længde har indtaget mere,jord,at dyrke da enken
1.6.1- side 14,mand kan faae sin,jord,tildelt paa eet sted
1.6.1- side 14,som faaer al sin,jord,paa sandbanker eller høie
1.6.1- side 14,har ikkun eet slags,jord,blive i stand at
1.6.1- side 15,15 slags,jord,imod som han har
1.6.1- side 15,de som faae deres,jord,tildeel længst bort fra
1.6.1- side 15,vanskeligheden skal al byens,jord,deles om og hver
1.6.1- side 15,hver faae al sin,jord,paa eet sted da
1.6.1- side 16,vaar-korn med mere ingen,jord,vil det aar blive
1.6.1- side 16,han beholder ikke den,jord,som han skal giøde
1.6.1- side 18,et særdeles got stykke,jord,som hans fællesbrødre ikke
1.6.1- side 20,mark foretager en byes,jord,efter den anden fremkalder
1.6.1- side 21,meget muelig lige god,jord,hvorefter gierdets sted bør
1.6.1- side 21,der ikke faae god,jord,igien eller ved det
1.6.1- side 21,gierdet gaaer over deres,jord,erstattes dem af samtlige
1.6.1- side 21,have indhegnet deres beqvemmeste,jord,og derover allerede faaet
1.6.1- side 24,og tilmaales hver sin,jord,samlet paa eet to
1.6.1- side 25,den inddeler al byens,jord,i fem eller sex
1.6.1- side 25,og antegner hvor megen,jord,hver mand i byen
1.6.1- side 26,ager og faaer udreven,jord,igien tillegges visse læs
1.6.1- side 26,den som faaer giødet,jord,for udreven den der
1.6.1- side 26,1 legges den nærmeste,jord,ved byen og i
1.6.1- side 26,har faaet kiendelig bedre,jord,end andre faaer i
1.6.1- side 27,at herefter hvor eens,jord,ligger ved et andet
1.6.1- side 27,gierde saa langt hans,jord,strekker saa skal det
1.6.1- side 27,enten den hele byes,jord,om han er eene
1.6.1- side 27,eene ejere eller den,jord,som tilmaales hans bønder
1.6.1- side 29,imellem en mands tilmaalte,jord,tildeles hannem og fraregnes
1.6.1- side 30,det første aar den,jord,som da er fælled
1.6.1- side 30,følgende aaringer den øvrige,jord,som hvert aar bliver
1.6.1- side 30,det meste af deres,jord,samlet paa eet sted
1.6.1- side 31,huusmand tildeles et stykke,jord,i udkant hvor han
1.6.1- side 51,flye karlen den beste,jord,rigelig giødning og det
1.6.2- side 14,14 trikulerede,jord,til herregaardene derimod støder
1.6.2- side 67,tilforladelig sandhed at en,jord,saasnart den bærer lyng
1.6.2- side 67,maver at en maver,jord,intet giver af sig
1.6.3- side 49,ville drive al sin,jord,paa ganske tilforn i
1.6.4- side 21,høe korn i straaet,jord,sand skuer saier leer
1.6.5- side 28,hvordan da igel den,jord,herren tog fra alle
1.6.5- side 28,af denne dem fratagne,jord,trekholt hvad da igel
1.6.8- side 37,og vandtuder overklædte med,jord,naar vandet ey af
1.6.8- side 38,grobene hvoraf det opkastede,jord,gruus og sand udjevnes
1.6.9- side 9,almindelighed tillige al den,jord,som bønderne boe paa
1.6.9- side 10,der var overflødigt udyrket,jord,da de som indtog
1.6.9- side 10,ville antage denne strækning,jord,bygget dem huse givet
1.6.9- side 10,ved at dyrke den,jord,som eyeren af hele
1.6.9- side 12,har betalt al den,jord,som bønderne indehave at
1.6.9- side 12,og den dertil henlagte,jord,loven veed og af
1.6.9- side 14,hans til bønderne uddeelte,jord,ved deres dyrkning indbringer
1.6.9- side 14,deres dyrkning indbringer denne,jord,bliver ved beboernes dyrkelse
1.6.9- side 15,samt redskaber til sin,jord,og huusholdning maae og
1.6.9- side 15,for det som hans,jord,maatte indbringe ham anseeligst
1.6.9- side 15,almindelighed dyrekiøbte eller forhvervede,jord,bort til een ham
1.6.9- side 16,eller en fods breed,jord,i steden for at
1.6.9- side 16,bondegaard og saa meget,jord,dertil at han naar
1.6.9- side 21,dem med hans eyendoms,jord,som de bruge saa
1.6.9- side 23,forsikring at den forbedrede,jord,ikke skal matriculeres høyere
1.6.9- side 38,sin ham allene tilhørende,jord,i fæste saalænge de
1.6.9- side 44,da der i ringe,jord,saaes mindre korn og
1.6.9- side 44,og skal pløyes desmere,jord,til en skieppe ligesom
1.6.9- side 53,lade meget af deres,jord,ligge udyrket og forbedringer
1.6.9- side 54,baade nytte af bøndernes,jord,om han selv drev
1.6.9- side 61,hart-korn som agerbond eller,jord,og hvad regel kan
1.6.9- side 70,til hans gaard hørende,jord,indhegnet for sig selv
1.6.9- side 71,ven komme hvor meget,jord,bliver spildt ved grøfterne
1.6.9- side 75,findes hvad enten deres,jord,støder lige til aaen
1.6.10- side 11,besidderen af den manglende,jord,aldrig kunne undskylde sig
1.6.10- side 11,af den frugtbare hvis,jord,i denne tilfælde ikke
1.6.10- side 14,har en lige god,jord,med sine naboer kan
1.6.10- side 27,landeveyene derved spartes megen,jord,som ellers gik bort
1.6.10- side 28,den gode og fede,jord,maatte forpligtes til i
1.6.11- side 8,af den grund og,jord,i have jeg er
1.6.11- side 11,fik al den gode,jord,ved byen og andre
1.6.11- side 11,havde hvad den gode,jord,angaaer ved byen ifald
1.6.11- side 12,heder at den slette,jord,er og det er
1.6.11- side 15,i fælledskabet naar saadan,jord,bliver pløiet vaad binder
1.6.11- side 23,need i den sorte,jord,ja vent oprykket med
1.6.11- side 24,dyrker alt for megen,jord,da det er med
1.6.11- side 25,man regne at hans,jord,ikke faaer giødning uden
1.6.11- side 27,blande frøet iblant fiin,jord,
1.6.11- side 31,fordeelagtig at have sin,jord,samlet paa et sted
1.6.12- side 21,fattigere arbeide de riges,jord,hvor meget er nu
1.6.12- side 29,bruger mere af sin,jord,end han behøver til
1.6.13- side 11,til at uddrive sin,jord,det bevidner de nu
1.6.13- side 53,heele slægt nogen fods,jord,er hoveriet paa nogle
1.6.13- side 69,lade andre besaae hans,jord,at drive fin jord
1.6.13- side 69,jord at drive fin,jord,til upligt ɔ at
1.6.15- side 8,omendskiønt en anseelig mængde,jord,bortgik ved grøfter og
1.6.15- side 9,at den nye inddeelte,jord,ikke kunde komme i
1.6.16- side 14,nogen ting skal denne,jord,anvendes til ploug-jord maae
1.6.16- side 15,fordeel for hvem denne,jord,ikke kan blive til
1.6.16- side 15,fraliggende bonde-byen som denne,jord,hørte til burde ved
1.6.16- side 17,hvor de har taget,jord,ind af forhugget skov
1.6.17- side 4,saaet kun deres egen,jord,end sige tænke paa
1.6.17- side 5,i marken ved hans,jord,men maa nødes til
1.6.17- side 6,ved sin gaard og,jord,som virkelig var og
1.6.17- side 26,sin feedeste og beste,jord,efter lige stor udsæd
1.6.17- side 35,tønder kunde en bondegaards,jord,ikke vel blive inddeelt
1.6.17- side 37,gaard kan dyrke sin,jord,saa vel og holde
1.6.17- side 38,marker havde saa megen,jord,at alle byens gaarder
1.6.17- side 46,dyrke og forbedre sin,jord,eller jordslod i marken
1.6.17- side 53,der hvor den indhegnede,jord,som fra begge sider
1.6.17- side 57,en ager af sin,jord,i marken eller et
1.6.17- side 58,jo dertil have tjenlig,jord,thi da vilde mangen
1.6.17- side 59,huusfolk af sin gaards,jord,faae enten høe og
1.6.17- side 60,eller høste paa bondens,jord,ligesaa er det ikke
1.6.18- side 6,tieneste forpligtede tienere hvis,jord,og i brug havende
1.6.18- side 9,6 heste driver denne,jord,og giør al nødvendig
1.6.19- side 8,et saa anseeligt stykke,jord,som tilstrækkelig kan underholde
1.6.19- side 9,og vist den halve,jord,bleven ubesaaet hvad mangel
1.6.19- side 12,bonde veed hvad stykke,jord,han skal drive saa
1.6.20- side 20,ei selv kiender sin,jord,med mindre han har
1.6.20- side 20,den dyrkede og udyrkede,jord,da seer man at
1.6.20- side 24,siden ud paa eders,jord,det vil nok belønne
